{"__type__":"cc.AnimationClip","_name":"clickMoveAnim","_duration":1.0333333333333334,"wrapMode":2,"curveData":{"props":{"y":[{"frame":0.06666666666666667,"value":20},{"frame":0.8166666666666667,"value":-58}],"opacity":[{"frame":0.8166666666666667,"value":255},{"frame":1.0333333333333334,"value":0}]}}}