{"__type__":"cc.AnimationClip","_name":"BoxAnimation","_duration":0.056666666666666664,"sample":300,"speed":0.5,"wrapMode":0,"curveData":{"props":{"rotation":[{"frame":0,"value":-15},{"frame":0.023333333333333334,"value":15},{"frame":0.056666666666666664,"value":0}]}}}